{
  "model": "gemma-3-1b-int2",
  "model_path": "/Users/wscholl/models/gemma-3-1b-it-int2",
  "model_size_gb": 0.35,
  "timestamp": "20260324T075503",
  "limit": 500,
  "platform": {
    "platform": "macOS-15.7.4-arm64-arm-64bit",
    "processor": "arm",
    "ram_gb": 16,
    "python": "3.12.8",
    "mlx_lm": "0.30.7",
    "lm_eval": "0.4.11"
  },
  "scores": {
    "arc_easy": 30.4,
    "arc_challenge": 25.0,
    "hellaswag": 29.8,
    "winogrande": 53.8,
    "piqa": 57.6,
    "openbookqa": 26.6
  },
  "raw_results": {
    "arc_easy": {
      "alias": "arc_easy",
      "acc,none": 0.304,
      "acc_stderr,none": 0.02059164957122494,
      "acc_norm,none": 0.304,
      "acc_norm_stderr,none": 0.02059164957122494
    },
    "arc_challenge": {
      "alias": "arc_challenge",
      "acc,none": 0.196,
      "acc_stderr,none": 0.017770751227744897,
      "acc_norm,none": 0.25,
      "acc_norm_stderr,none": 0.019384310743640384
    },
    "hellaswag": {
      "alias": "hellaswag",
      "acc,none": 0.296,
      "acc_stderr,none": 0.020435342091896222,
      "acc_norm,none": 0.298,
      "acc_norm_stderr,none": 0.020475118092988954
    },
    "winogrande": {
      "alias": "winogrande",
      "acc,none": 0.538,
      "acc_stderr,none": 0.022318338119870523
    },
    "piqa": {
      "alias": "piqa",
      "acc,none": 0.556,
      "acc_stderr,none": 0.022242244375731048,
      "acc_norm,none": 0.576,
      "acc_norm_stderr,none": 0.022122993778135334
    },
    "openbookqa": {
      "alias": "openbookqa",
      "acc,none": 0.154,
      "acc_stderr,none": 0.016158285192455334,
      "acc_norm,none": 0.266,
      "acc_norm_stderr,none": 0.019780559675655396
    }
  },
  "elapsed_s": 2260.580590248108,
  "errors": {}
}