{
  "model": "Qwen3-0.6B-int3",
  "model_path": "/Users/wscholl/models/Qwen3-0.6B-int3",
  "model_size_gb": 0.27,
  "timestamp": "20260324T004713",
  "limit": 500,
  "platform": {
    "platform": "macOS-15.7.4-arm64-arm-64bit",
    "processor": "arm",
    "ram_gb": 16,
    "python": "3.12.8",
    "mlx_lm": "0.30.7",
    "lm_eval": "0.4.11"
  },
  "scores": {
    "arc_easy": 38.4,
    "arc_challenge": 27.4,
    "hellaswag": 33.0,
    "winogrande": 49.6,
    "piqa": 61.8,
    "openbookqa": 33.6
  },
  "raw_results": {
    "arc_easy": {
      "alias": "arc_easy",
      "acc,none": 0.36,
      "acc_stderr,none": 0.02148775108972057,
      "acc_norm,none": 0.384,
      "acc_norm_stderr,none": 0.021772369465547118
    },
    "arc_challenge": {
      "alias": "arc_challenge",
      "acc,none": 0.226,
      "acc_stderr,none": 0.01872295644913999,
      "acc_norm,none": 0.274,
      "acc_norm_stderr,none": 0.019966103540279518
    },
    "hellaswag": {
      "alias": "hellaswag",
      "acc,none": 0.33,
      "acc_stderr,none": 0.02104961216613478,
      "acc_norm,none": 0.33,
      "acc_norm_stderr,none": 0.02104961216613478
    },
    "winogrande": {
      "alias": "winogrande",
      "acc,none": 0.496,
      "acc_stderr,none": 0.022382357781962105
    },
    "piqa": {
      "alias": "piqa",
      "acc,none": 0.65,
      "acc_stderr,none": 0.021352091786223066,
      "acc_norm,none": 0.618,
      "acc_norm_stderr,none": 0.02175082059125093
    },
    "openbookqa": {
      "alias": "openbookqa",
      "acc,none": 0.164,
      "acc_stderr,none": 0.016575811142446696,
      "acc_norm,none": 0.336,
      "acc_norm_stderr,none": 0.021144791425048808
    }
  },
  "elapsed_s": 1493.5881190299988,
  "errors": {}
}