{
  "timestamp": "20260323T110658",
  "limit": 500,
  "tasks": [
    "arc_easy",
    "arc_challenge",
    "hellaswag",
    "winogrande",
    "piqa",
    "openbookqa"
  ],
  "platform": {
    "platform": "macOS-15.7.4-arm64-arm-64bit",
    "processor": "arm",
    "ram_gb": 16,
    "python": "3.12.8",
    "mlx_lm": "0.30.7",
    "lm_eval": "0.4.11"
  },
  "scores": {
    "Qwen3-0.6B-bf16": {
      "arc_challenge": 30.2,
      "hellaswag": 34.8,
      "winogrande": 53.2,
      "piqa": 65.4,
      "openbookqa": 35.0
    },
    "Llama-3.2-1B-bf16": {
      "arc_easy": 42.0,
      "arc_challenge": 28.4
    },
    "gemma-3-1b-bf16": {},
    "Qwen2.5-1.5B-bf16": {}
  },
  "elapsed_s": {
    "Qwen3-0.6B-bf16": 5055.389892101288,
    "Llama-3.2-1B-bf16": 4224.671659946442,
    "gemma-3-1b-bf16": 0.16400980949401855,
    "Qwen2.5-1.5B-bf16": 0.1836228370666504
  }
}