{
  "model": "Qwen3-0.6B-int3",
  "model_path": "/Users/wscholl/models/Qwen3-0.6B-int3",
  "model_size_gb": 0.27,
  "timestamp": "20260322T211235",
  "limit": 500,
  "platform": {
    "platform": "macOS-15.7.4-arm64-arm-64bit",
    "processor": "arm",
    "ram_gb": 16,
    "python": "3.12.8",
    "mlx_lm": "0.30.7",
    "lm_eval": "0.4.11"
  },
  "scores": {
    "arc_easy": 34.4,
    "arc_challenge": 25.2,
    "hellaswag": 36.2,
    "winogrande": 51.2,
    "piqa": 56.8,
    "openbookqa": 28.8
  },
  "raw_results": {
    "arc_easy": {
      "alias": "arc_easy",
      "acc,none": 0.32,
      "acc_stderr,none": 0.02088234048876172,
      "acc_norm,none": 0.344,
      "acc_norm_stderr,none": 0.021265758037978793
    },
    "arc_challenge": {
      "alias": "arc_challenge",
      "acc,none": 0.198,
      "acc_stderr,none": 0.017838958963847292,
      "acc_norm,none": 0.252,
      "acc_norm_stderr,none": 0.019435727282249564
    },
    "hellaswag": {
      "alias": "hellaswag",
      "acc,none": 0.344,
      "acc_stderr,none": 0.021265758037978793,
      "acc_norm,none": 0.362,
      "acc_norm_stderr,none": 0.02151366252758236
    },
    "winogrande": {
      "alias": "winogrande",
      "acc,none": 0.512,
      "acc_stderr,none": 0.022376626797927058
    },
    "piqa": {
      "alias": "piqa",
      "acc,none": 0.604,
      "acc_stderr,none": 0.021893529941665716,
      "acc_norm,none": 0.568,
      "acc_norm_stderr,none": 0.022175109265613186
    },
    "openbookqa": {
      "alias": "openbookqa",
      "acc,none": 0.138,
      "acc_stderr,none": 0.015439843831953423,
      "acc_norm,none": 0.288,
      "acc_norm_stderr,none": 0.020271503835075255
    }
  },
  "elapsed_s": 1573.7409796714783,
  "errors": {}
}