{
  "model": "Qwen3-0.6B-int4",
  "model_path": "/Users/wscholl/models/Qwen3-0.6B-int4",
  "model_size_gb": 0.35,
  "timestamp": "20260322T204621",
  "limit": 500,
  "platform": {
    "platform": "macOS-15.7.4-arm64-arm-64bit",
    "processor": "arm",
    "ram_gb": 16,
    "python": "3.12.8",
    "mlx_lm": "0.30.7",
    "lm_eval": "0.4.11"
  },
  "scores": {
    "arc_easy": 35.0,
    "arc_challenge": 27.8,
    "hellaswag": 31.2,
    "winogrande": 51.2,
    "piqa": 64.0,
    "openbookqa": 34.0
  },
  "raw_results": {
    "arc_easy": {
      "alias": "arc_easy",
      "acc,none": 0.37,
      "acc_stderr,none": 0.021613289165165816,
      "acc_norm,none": 0.35,
      "acc_norm_stderr,none": 0.021352091786223066
    },
    "arc_challenge": {
      "alias": "arc_challenge",
      "acc,none": 0.244,
      "acc_stderr,none": 0.019226734893614636,
      "acc_norm,none": 0.278,
      "acc_norm_stderr,none": 0.020055833888070865
    },
    "hellaswag": {
      "alias": "hellaswag",
      "acc,none": 0.374,
      "acc_stderr,none": 0.021660710347204473,
      "acc_norm,none": 0.312,
      "acc_norm_stderr,none": 0.020740596536488017
    },
    "winogrande": {
      "alias": "winogrande",
      "acc,none": 0.512,
      "acc_stderr,none": 0.022376626797927058
    },
    "piqa": {
      "alias": "piqa",
      "acc,none": 0.676,
      "acc_stderr,none": 0.020950557312477556,
      "acc_norm,none": 0.64,
      "acc_norm_stderr,none": 0.02148775108972057
    },
    "openbookqa": {
      "alias": "openbookqa",
      "acc,none": 0.176,
      "acc_stderr,none": 0.01704785202062225,
      "acc_norm,none": 0.34,
      "acc_norm_stderr,none": 0.021206117013673084
    }
  },
  "elapsed_s": 1575.7958183288574,
  "errors": {}
}