{
  "model": "Llama-3.2-1B-int2",
  "model_path": "/Users/wscholl/models/Llama-3.2-1B-Instruct-int2",
  "model_size_gb": 0.32,
  "timestamp": "20260324T054744",
  "limit": 500,
  "platform": {
    "platform": "macOS-15.7.4-arm64-arm-64bit",
    "processor": "arm",
    "ram_gb": 16,
    "python": "3.12.8",
    "mlx_lm": "0.30.7",
    "lm_eval": "0.4.11"
  },
  "scores": {
    "arc_easy": 32.2,
    "arc_challenge": 18.8,
    "hellaswag": 32.2,
    "winogrande": 49.2,
    "piqa": 56.6,
    "openbookqa": 26.6
  },
  "raw_results": {
    "arc_easy": {
      "alias": "arc_easy",
      "acc,none": 0.282,
      "acc_stderr,none": 0.020143572847290726,
      "acc_norm,none": 0.322,
      "acc_norm_stderr,none": 0.020916668330019865
    },
    "arc_challenge": {
      "alias": "arc_challenge",
      "acc,none": 0.172,
      "acc_stderr,none": 0.01689386887634749,
      "acc_norm,none": 0.188,
      "acc_norm_stderr,none": 0.01749067888034626
    },
    "hellaswag": {
      "alias": "hellaswag",
      "acc,none": 0.324,
      "acc_stderr,none": 0.020950557312477552,
      "acc_norm,none": 0.322,
      "acc_norm_stderr,none": 0.020916668330019865
    },
    "winogrande": {
      "alias": "winogrande",
      "acc,none": 0.492,
      "acc_stderr,none": 0.022380208834928014
    },
    "piqa": {
      "alias": "piqa",
      "acc,none": 0.564,
      "acc_stderr,none": 0.022198954641476896,
      "acc_norm,none": 0.566,
      "acc_norm_stderr,none": 0.02218721580302901
    },
    "openbookqa": {
      "alias": "openbookqa",
      "acc,none": 0.144,
      "acc_stderr,none": 0.015716934945725784,
      "acc_norm,none": 0.266,
      "acc_norm_stderr,none": 0.019780559675655396
    }
  },
  "elapsed_s": 13614.844290733337,
  "errors": {}
}