{
  "model": "Qwen3-4B-int3",
  "model_path": "/Users/wscholl/models/Qwen3-4B-int3",
  "model_size_gb": 1.6,
  "timestamp": "20260329T091515",
  "limit": 500,
  "platform": {
    "platform": "macOS-26.4-arm64-arm-64bit",
    "processor": "arm",
    "ram_gb": 16,
    "python": "3.12.8",
    "mlx_lm": "0.30.7",
    "lm_eval": "0.4.11"
  },
  "scores": {
    "arc_easy": 42.2,
    "arc_challenge": 35.8,
    "hellaswag": 39.8,
    "winogrande": 54.0,
    "piqa": 69.4,
    "openbookqa": 34.8
  },
  "raw_results": {
    "arc_easy": {
      "alias": "arc_easy",
      "acc,none": 0.45,
      "acc_stderr,none": 0.022270877485360472,
      "acc_norm,none": 0.422,
      "acc_norm_stderr,none": 0.022109039310618563
    },
    "arc_challenge": {
      "alias": "arc_challenge",
      "acc,none": 0.318,
      "acc_stderr,none": 0.020847571620814014,
      "acc_norm,none": 0.358,
      "acc_norm_stderr,none": 0.021461434862859133
    },
    "hellaswag": {
      "alias": "hellaswag",
      "acc,none": 0.406,
      "acc_stderr,none": 0.021983962090086417,
      "acc_norm,none": 0.398,
      "acc_norm_stderr,none": 0.021912377885779953
    },
    "winogrande": {
      "alias": "winogrande",
      "acc,none": 0.54,
      "acc_stderr,none": 0.022311333245289593
    },
    "piqa": {
      "alias": "piqa",
      "acc,none": 0.684,
      "acc_stderr,none": 0.020812359515855822,
      "acc_norm,none": 0.694,
      "acc_norm_stderr,none": 0.020629569998345417
    },
    "openbookqa": {
      "alias": "openbookqa",
      "acc,none": 0.238,
      "acc_stderr,none": 0.019064072958198387,
      "acc_norm,none": 0.348,
      "acc_norm_stderr,none": 0.021323728632807425
    }
  },
  "elapsed_s": 14350.337187290192,
  "errors": {}
}