{
  "timestamp": "20260620T192628",
  "tag": "baseline",
  "host": "Apple M3 MacBook Pro 16 GB",
  "platform": "macOS-26.5.1-arm64-arm-64bit",
  "python": "3.12.8",
  "mlx_version": "0.31.0",
  "mlx_lm_version": "0.31.1",
  "squish_version": "9.34.3",
  "protocol": {
    "cooldown_s": 120,
    "warmup_runs": 5,
    "ttft_runs": 8,
    "decode_runs": 8,
    "decode_tokens": 128
  },
  "results": [
    {
      "name": "qwen1.5b-int4",
      "quant": "INT4",
      "model_path": "/Users/wscholl/models/Qwen2.5-1.5B-Instruct-int4",
      "cold_start_s": 3.5613076249719597,
      "ttft_s": {
        "p75": {
          "n": 8,
          "p50": 0.2302229999913834,
          "p95": 0.23750208399724215,
          "p99": 0.23750208399724215,
          "min": 0.2223186669871211,
          "max": 0.23750208399724215,
          "stddev": 0.004388409107702356
        },
        "p2000": {
          "n": 8,
          "p50": 2.536177708010655,
          "p95": 2.6248028749832883,
          "p99": 2.6248028749832883,
          "min": 2.356724707991816,
          "max": 2.6248028749832883,
          "stddev": 0.09139670876768347
        }
      },
      "decode_tps": {
        "n": 8,
        "p50": 80.60210722483588,
        "p95": 82.61051826956133,
        "p99": 82.61051826956133,
        "min": 75.4298168653905,
        "max": 82.61051826956133,
        "stddev": 2.3488249283244755
      },
      "itl_ms": {
        "n": 664,
        "p50": 12.300500005949289,
        "p95": 17.151499981991947,
        "p99": 19.588665978517383,
        "min": 2.0122500136494637,
        "max": 20.821249985601753,
        "stddev": 2.341146479900714
      },
      "peak_rss_bytes": 1319763968
    },
    {
      "name": "qwen1.5b-int3",
      "quant": "INT3",
      "model_path": "/Users/wscholl/models/Qwen2.5-1.5B-Instruct-int3",
      "cold_start_s": 3.226487540989183,
      "ttft_s": {
        "p75": {
          "n": 8,
          "p50": 0.2218632500153035,
          "p95": 0.23719654203159735,
          "p99": 0.23719654203159735,
          "min": 0.2112132089678198,
          "max": 0.23719654203159735,
          "stddev": 0.00781906386083531
        },
        "p2000": {
          "n": 8,
          "p50": 2.3725058749550954,
          "p95": 2.427201208018232,
          "p99": 2.427201208018232,
          "min": 2.3492466250318103,
          "max": 2.427201208018232,
          "stddev": 0.02763355865599673
        }
      },
      "decode_tps": {
        "n": 8,
        "p50": 90.03929800695107,
        "p95": 91.28122746684679,
        "p99": 91.28122746684679,
        "min": 82.40144837275851,
        "max": 91.28122746684679,
        "stddev": 2.8478533321819848
      },
      "itl_ms": {
        "n": 472,
        "p50": 10.871374979615211,
        "p95": 14.893374987877905,
        "p99": 16.930916986893862,
        "min": 4.2599160224199295,
        "max": 70.02804102376103,
        "stddev": 3.3614404832052456
      },
      "peak_rss_bytes": 1213792256
    },
    {
      "name": "qwen7b-int4",
      "quant": "INT4",
      "model_path": "/Users/wscholl/models/Qwen2.5-7B-Instruct-int4",
      "cold_start_s": 6.5201128339977,
      "ttft_s": {
        "p75": {
          "n": 8,
          "p50": 0.704992291983217,
          "p95": 0.7272504169959575,
          "p99": 0.7272504169959575,
          "min": 0.6857996250037104,
          "max": 0.7272504169959575,
          "stddev": 0.012033546263454618
        },
        "p2000": {
          "n": 8,
          "p50": 13.802087499992922,
          "p95": 20.092142958019394,
          "p99": 20.092142958019394,
          "min": 11.563031082972884,
          "max": 20.092142958019394,
          "stddev": 2.569593946475107
        }
      },
      "decode_tps": {
        "n": 8,
        "p50": 11.917622954555355,
        "p95": 13.031060606540342,
        "p99": 13.031060606540342,
        "min": 10.669307696752643,
        "max": 13.031060606540342,
        "stddev": 0.8769775076750835
      },
      "itl_ms": {
        "n": 336,
        "p50": 64.85366600099951,
        "p95": 210.091375047341,
        "p99": 346.7431250028312,
        "min": 0.01591700129210949,
        "max": 632.1964579983614,
        "stddev": 66.36165549606201
      },
      "peak_rss_bytes": 1186791424
    },
    {
      "name": "qwen7b-int3",
      "quant": "INT3",
      "model_path": "/Users/wscholl/models/Qwen2.5-7B-Instruct-int3",
      "cold_start_s": 5.657784166978672,
      "ttft_s": {
        "p75": {
          "n": 8,
          "p50": 0.8486904159653932,
          "p95": 0.8725022499565966,
          "p99": 0.8725022499565966,
          "min": 0.8119206249830313,
          "max": 0.8725022499565966,
          "stddev": 0.024022709141433594
        },
        "p2000": {
          "n": 8,
          "p50": 15.179791416972876,
          "p95": 30.235780208022334,
          "p99": 30.235780208022334,
          "min": 13.311804042023141,
          "max": 30.235780208022334,
          "stddev": 5.400347975013139
        }
      },
      "decode_tps": {
        "n": 8,
        "p50": 12.985406208854535,
        "p95": 14.067296068758626,
        "p99": 14.067296068758626,
        "min": 11.076173475627815,
        "max": 14.067296068758626,
        "stddev": 0.9311521884962513
      },
      "itl_ms": {
        "n": 464,
        "p50": 68.82975000189617,
        "p95": 152.96570799546316,
        "p99": 214.3892910098657,
        "min": 19.930874987039715,
        "max": 493.0127499974333,
        "stddev": 40.60049231175909
      },
      "peak_rss_bytes": 1510604800
    }
  ]
}